name,node
pod-50,node-1
pod-19,node-2
pod-31,node-3
pod-47,node-1
pod-8,node-2
pod-21,node-2
pod-16,node-1
pod-34,node-3
pod-53,node-4
pod-5,node-2
pod-37,node-3
pod-43,node-1
pod-44,node-1
pod-49,node-1
pod-17,node-2
pod-58,node-4
pod-30,node-3
pod-57,node-4
pod-69,node-5
pod-63,node-4
pod-54,node-4
pod-71,node-5
pod-40,node-3
pod-48,node-1
pod-24,node-2
pod-56,node-4
pod-26,node-2
pod-9,node-3
pod-20,node-2
pod-65,node-5
pod-52,node-1
pod-23,node-2
pod-64,node-4
pod-25,node-2
pod-61,node-4
pod-7,node-2
pod-41,node-1
pod-60,node-4
pod-10,node-3
pod-51,node-1
pod-22,node-2
pod-28,node-2
pod-11,node-3
pod-1,node-4
pod-67,node-5
pod-38,node-3
pod-68,node-5
pod-59,node-4
pod-27,node-2
pod-35,node-3
pod-45,node-1
pod-42,node-1
pod-46,node-1
pod-13,node-1
pod-70,node-5
pod-62,node-4
pod-39,node-3
pod-33,node-3
pod-72,node-5
pod-66,node-5
pod-6,node-2
pod-2,node-4
pod-3,node-4
pod-55,node-4
pod-12,node-3
pod-14,node-1
pod-18,node-2
pod-29,node-3
pod-32,node-3
pod-36,node-3
pod-4,node-4
pod-15,node-1
